{
    "linear": {
        "r2": 0.975664,
        "a": 1.6515,
        "b": -2929.3265
    },
    "log": {
        "r2": 0.974453,
        "a": 3287.1633,
        "b": -24611.6172
    },
    "exp": {
        "r2": 0.961422,
        "a": 0.0046,
        "b": 0.0410
    },
    "geo": {
        "r2": 0.961422,
        "a": 1.0046,
        "b": 0.0410
    },
    "pot": {
        "r2": 0.959556,
        "a": 9.0709,
        "b": 4.244136938728782e-28
    },
    "quad": {
        "r2": 0.995023,
        "a":0.0134,
        "b":-51.9062,
        "c":50403.4862
    }
}